{"cameraMode":{"drawMode":0,"name":"Shaded","section":"Shading Mode"},"sceneLighting":false,"audioPlay":false,"sceneViewState":{"m_AlwaysRefresh":false,"showFog":true,"showSkybox":false,"showFlares":true,"showImageEffects":true,"showParticleSystems":true,"showVisualEffectGraphs":true,"m_FxEnabled":true},"in2DMode":false,"pivot":{"x":0.0025413036346435549,"y":1.8374168872833253,"z":-0.03408646583557129},"rotation":{"x":0.11270568519830704,"y":-0.8161622285842896,"z":0.14912435412406922,"w":0.5467803478240967},"size":5.103918552398682,"orthographic":false}