{"cameraMode":{"drawMode":0,"name":"Shaded","section":"Shading Mode"},"sceneLighting":false,"audioPlay":false,"sceneViewState":{"m_AlwaysRefresh":false,"showFog":true,"showSkybox":false,"showFlares":true,"showImageEffects":true,"showParticleSystems":true,"showVisualEffectGraphs":true,"m_FxEnabled":true},"in2DMode":false,"pivot":{"x":-0.000004291534423828125,"y":1.930202603340149,"z":0.010371685028076172},"rotation":{"x":0.0000761906267143786,"y":-0.9564599394798279,"z":-0.03579669073224068,"w":0.28970542550086977},"size":8.660256385803223,"orthographic":false}