{"cameraMode":{"drawMode":0,"name":"Shaded","section":"Shading Mode"},"sceneLighting":false,"audioPlay":false,"sceneViewState":{"m_AlwaysRefresh":false,"showFog":true,"showSkybox":false,"showFlares":true,"showImageEffects":true,"showParticleSystems":true,"showVisualEffectGraphs":true,"m_FxEnabled":true},"in2DMode":false,"pivot":{"x":0.29515016078948977,"y":0.5604933500289917,"z":-0.2809999883174896},"rotation":{"x":-0.05924614146351814,"y":-0.7825191020965576,"z":0.0927027091383934,"w":-0.6128548979759216},"size":0.5170799493789673,"orthographic":false}