{"cameraMode":{"drawMode":0,"name":"Shaded","section":"Shading Mode"},"sceneLighting":false,"audioPlay":false,"sceneViewState":{"m_AlwaysRefresh":false,"showFog":true,"showSkybox":false,"showFlares":true,"showImageEffects":true,"showParticleSystems":true,"showVisualEffectGraphs":true,"m_FxEnabled":true},"in2DMode":false,"pivot":{"x":0.04618397355079651,"y":-0.25246062874794009,"z":-0.4569284915924072},"rotation":{"x":-0.01831066980957985,"y":-0.00004067318150191568,"z":-0.00013682468852493912,"w":-0.9998769164085388},"size":1.8781906366348267,"orthographic":false}