{"cameraMode":{"drawMode":0,"name":"Shaded","section":"Shading Mode"},"sceneLighting":false,"audioPlay":false,"sceneViewState":{"m_AlwaysRefresh":false,"showFog":true,"showSkybox":false,"showFlares":true,"showImageEffects":true,"showParticleSystems":true,"showVisualEffectGraphs":true,"m_FxEnabled":true},"in2DMode":false,"pivot":{"x":4.2584733963012699,"y":0.9411802291870117,"z":0.01508784294128418},"rotation":{"x":-0.006311508361250162,"y":-0.0030391179025173189,"z":-0.00011835864279419184,"w":-1.0000207424163819},"size":8.772857666015625,"orthographic":false}