{"cameraMode":{"drawMode":0,"name":"Shaded","section":"Shading Mode"},"sceneLighting":false,"audioPlay":false,"sceneViewState":{"m_AlwaysRefresh":false,"showFog":true,"showSkybox":false,"showFlares":true,"showImageEffects":true,"showParticleSystems":true,"showVisualEffectGraphs":true,"m_FxEnabled":true},"in2DMode":false,"pivot":{"x":-0.08155596256256104,"y":0.22494828701019288,"z":-0.7230631709098816},"rotation":{"x":-0.1675875186920166,"y":0.7763880491256714,"z":-0.20989811420440675,"w":-0.5701720714569092},"size":2.5383522510528566,"orthographic":false}