{"cameraMode":{"drawMode":0,"name":"Shaded","section":"Shading Mode"},"sceneLighting":false,"audioPlay":false,"sceneViewState":{"m_AlwaysRefresh":false,"showFog":true,"showSkybox":false,"showFlares":true,"showImageEffects":true,"showParticleSystems":true,"showVisualEffectGraphs":true,"m_FxEnabled":true},"in2DMode":false,"pivot":{"x":0.0004107952117919922,"y":1.7771716117858887,"z":0.06020468473434448},"rotation":{"x":-0.05924614146351814,"y":-0.7825191020965576,"z":0.0927027091383934,"w":-0.6128548979759216},"size":2.9585864543914797,"orthographic":false}