{"cameraMode":{"drawMode":0,"name":"Shaded","section":"Shading Mode"},"sceneLighting":false,"audioPlay":false,"sceneViewState":{"m_AlwaysRefresh":false,"showFog":true,"showSkybox":false,"showFlares":true,"showImageEffects":true,"showParticleSystems":true,"showVisualEffectGraphs":true,"m_FxEnabled":true},"in2DMode":false,"pivot":{"x":1.3215348720550538,"y":0.1369999647140503,"z":-0.8905527591705322},"rotation":{"x":-0.018303759396076204,"y":0.02095520682632923,"z":-0.0005212903488427401,"w":-0.9996572136878967},"size":0.46500110626220705,"orthographic":false}