{"cameraMode":{"drawMode":0,"name":"Shaded","section":"Shading Mode"},"sceneLighting":false,"audioPlay":false,"sceneViewState":{"m_AlwaysRefresh":false,"showFog":true,"showSkybox":false,"showFlares":true,"showImageEffects":true,"showParticleSystems":true,"showVisualEffectGraphs":true,"m_FxEnabled":true},"in2DMode":false,"pivot":{"x":-0.08155596256256104,"y":0.22494828701019288,"z":-0.7230631709098816},"rotation":{"x":-0.0048125991597771648,"y":-0.015038779005408287,"z":-0.00006517492874991149,"w":-0.9999206066131592},"size":2.5383522510528566,"orthographic":false}